,rmse,mae,r2,mape,train_time,pred_time,model
LinearRegression,1.064108597553004,0.8425585599542132,0.47343787615794364,385.24092855962596,0.026287555694580078,0.03610062599182129,
SVR,1.0340906349488797,0.824307925058376,0.5027269506410925,439.16290068691507,228.80839133262634,1863.94007229805,
KNN,1.1931781575090123,0.9512012801259389,0.33795379351388344,420.33022114782364,0.004656553268432617,35.625181674957275,
RandomForest,1.0187946609357263,0.8121451599983276,0.5173291923679162,439.39085719588604,129.45563507080078,21.485745191574097,RandomForestRegressor(random_state=42)
GradientBoosting,1.003610675186577,0.8000955151180933,0.5316093072846894,424.7702091279918,50.61823606491089,1.1880059242248535,GradientBoostingRegressor(random_state=42)
CustomEnsemble,1.0494058748935096,0.8360724480289007,0.4878883039290972,377.48994733983454,,633.2004515329996,
